docid	title	alt_docid1	alt_docid2	alt_docid3	alt_docid4	alt_docid5	extid	inst	instcode	instdocnote	instdoctype	instdocnr1	instdocnr2	instdocnr3	instdocnr4	instdocnr5	instdocnr6	instdocnr7	instdocnr8	instdocnr9	instdocaddnrs	wird_gemappt
VA0529453	Ausstellung von elektronischen Lohnsteuerbescheinigungen 2013 - Bekanntgabe des Musters für den Ausdruck der elektronischen Lohnsteuer-bescheinigung 2013 - Ausstellung von Besonderen Lohnsteuerbescheinigungen durch den Arbeitgeber ohne maschinelle Lohnabrechnung für das Kalenderjahr 2013	DB0529453						BMF	BMF		Schreiben	IV C 5 - S 2378/12/10001 [2012/0247351]										1
VA0526781	Einzelfragen zur Abgeltungsteuer - Ergänzung des BMF-Schreibens vom 22. 12. 2009 (BStBl 2010 I S. 94) unter Berücksichtigung der Änderungen durch das BMF-Schreiben vom 16. 11. 2010 (BStBl I S. 1305)	DB0526781						BMF	BMF		Schreiben	IV C 1 - S 2252/10/10013 [2011/0948384]										1
VA0585218	Umsatzsteuerrechtliche Behandlung der Wärme- und Kältenetzförderung nach den  5a, 7a des Gesetzes für die Erhaltung, die Modernisierung und den Ausbau der Kraft-Wärme-Kopplung (KWKG) sowie der Wärme- und Kältespeicherförderung nach den  5b, 7b KWKG	DB0585218						BMF	BMF		Schreiben	IV D 2 - S 7124/07/10002 :010										1
VA0610357	Ausstellung von elektronischen Lohnsteuerbescheinigungen ab 2014 - Ausstellung von Besonderen Lohnsteuerbescheinigungen durch den Arbeitgeber	DB0610357						BMF	BMF		Schreiben	IV C 5 - S 2378/13/10002 [2013/0272073]										1
VA0664721	Bewertung mehrjähriger Kulturen in Baumschulbetrieben nach  6 Absatz 1 Nummer 2 EStG; Neuregelung für die Wirtschaftsjahre ab 2013/2014 ff.	DB0664721						BMF	BMF		Schreiben	IV D 4 - S 2163/14/10001										1
VA0671843	Anwendung der Doppelbesteuerungsabkommen (DBA) auf Personengesellschaften	DB0671843						BMF	BMF		Schreiben	IV B 5 - S 1300/09/10003										1
VA1165707	Sonderregelung für Anlagegold - Geltung des von der Europäischen Kommission für 2014 verspätet veröffentlichten Verzeichnisses der von der Mehrwertsteuer befreiten Goldmünzen	DB0681690						BMF	BMF		Schreiben	IV D 3 - S 7423/13/10001 [2014/0813492]										1
VA1165709	Ergänztes BMF-Schreiben zur Reform des steuerlichen Reisekostenrechts ab 1.1.2014 (ersetzt das Schreiben vom 30. September 2013)	DB0682030						BMF	BMF		Schreiben	IV C 5 - S 2353/14/10002 [2014/0849647]										1
VA1046573	Ausstellung von elektronischen Lohnsteuerbescheinigungen für Kalenderjahre ab 2016; Ausstellung von Besonderen Lohnsteuerbescheinigungen durch den Arbeitgeber ohne maschinelle Lohnabrechnung für Kalenderjahre ab 2016	DB1046573						BMF	BMF		Schreiben	IV C 5  S 2378/14/10001										1
VA1261549	Steuerliche Behandlung von Veranstaltungen, Einkommensteuerliche, lohnsteuerliche und umsatzsteuerliche Behandlung							BayLfSt	OFDBayern		Bekanntgabe	S 2371.1.1-3/1 St32										0
VA0344340	Einzelfragen zur Abgeltungsteuer	DB0344340						BMF	BMF		Schreiben	IV C 1 - S 2252/08/10004										1
VA0344467	Anwendungserlass zur Abgabenordnung (AEAO) (2007/0535798) Änderung des AEAO	DB0344467						BMF	BMF		Schreiben	IV A 4 - S 0062/07/0003										1
VA0344469	Änderung des Anwendungserlasses zur Abgabenordnung (AEAO) (2008/0194053)	DB0344469						BMF	BMF		Schreiben	IV C 4 - S 0171/07/0038										1
VA0394922	Steuerliche Behandlung von Kirchensteuer nach  10 Absatz 1 Nummer 4 EStG an Religionsgemeinschaften, die in anderen EU-/EWR-Staaten ansässig sind	DB0394922						BMF	BMF		Schreiben	IV C 4 - S 2221/07/0004 :001 [2010/0898504]										1
VA0344477	Ausstellung der Lohnsteuerkarte 2009 (2008/0212231)	DB0344477						BMF	BMF		Schreiben	IV C 5 - S 2363/07/0001										1
VA0693565	Gewerbesteuerliche Behandlung von Sanierungsgewinnen - hier: Steuerstundung und Steuererlass aus sachlichen Billigkeitsgründen durch die Gemeinde	DB0693565						BayLfSt	OFDBayern		Schreiben	G 1413.1.1-2/4 St31 /S 2140-6 St 3102										1
VA0694882	"Vorsteuerberichtigung von sog. Umlaufvermögen nach  15a Abs. 2 UStG Diese Verfügung ersetzt die bisherige Verfügung zu  15a Abs. 2 UStG vom 29.08.2013 (Az.: S 7316.2.1-3/6 St33). Eine Überarbeitung erfolgte in Punkt 3. (""Änderung der Verhältnisse""). Nach  15a Abs. 2 UStG ist eine Vorsteuerberichtigung vorzunehmen, wenn sich bei einem Wirtschaftsgut, das nur einmalig zur Erzielung eines Umsatzes verwendet wird, die für den ursprünglichen Vorsteuerabzug maßgebenden Verhältnisse ändern. Diese Regelung des  15a Abs. 2 UStG beruht auf Art. 5 Abs. 12 des Richtlinien-Umsetzungsgesetzes (EURLUmsG) vom 9.12.2004. 1. Anwendung  15a UStG in der Fassung von Art. 5 Nr. 12 EURLUmsG ist zum 1.1. 2005 in Kraft getreten. Die Regelungen sind nur auf Vorsteuerbeträge anzuwenden, deren zugrunde liegende Umsätze i.S.v.  1 Abs. 1 UStG nach dem 31.12.2004 ausgeführt werden ( 27 Abs. 11 UStG). Damit scheidet eine Vorsteuerberichtigung nach  15a Abs. 2 UStG für Wirtschaftsgüter aus, die"	DB0694882						BayLfSt	OFDBayern		Schreiben	S 7316.2.1-3/7 St33										1
VA1261387	Lohnsteuerliche Behandlung des (Elektro)Fahrrad-Leasings							BayLfSt	OFDBayern		Verfügung	S 2334.2.1-122/2 St32										0
VA1275811	Aufteilung einer Gesamtschuld nach § 268ff. AO; Gesamtdarstellung für den Veranlagungsbereich							BayLfSt	OFDBayern		Schreiben	S 0520.1.1-1/10 St 43										0
VA0458665	Verzeichnis der Länder, zu denen Gegenseitigkeit im Sinne des  26 Abs. 3 UStG festgestellt ist	DB0458665						BMF	BMF		Schreiben	IV D 3 - S 7433/11/10005										1
VA0402228	Liste der im Inland ansässigen Unternehmer, die im entgeltlichen Luftverkehr überwiegend internationalen Luftverkehr betreiben ( 8 Abs. 2 Nr. 1 UStG)	DB0402228						BMF	BMF		Schreiben	k.A.										1
VA0465216	Auswirkungen des EuGH-Urteils vom 27. Oktober 2011, C-530/09 (BStBl 2012 II S. xxx) 1, auf den Ort der sonstigen Leistung beim Standaufbau im Zusammenhang mit Messen und Ausstellungen - Anpassung der Abschnitte 3a.2, 3a.3, 3a.4, 3a.6, 3a.9 und 4.12.6 UStAE	DB0465216						BMF	BMF		Schreiben	IV D 3 - S 7117-a/10/10001 [2012/0038127]										1
VA0391373	Muster der Umsatzsteuererklärung 2010	DB0391373						BMF	BMF		Schreiben	IV D 3 - S 7344/10/10001										1
VA0414090	Liste der im BMF-Schreiben vom 23. April 2010 (BStBl I S. 391) aufgeführten und nicht mehr in der aktuellen Positivliste enthaltenen BMF-Schreiben Stand: 1. April 2011	DB0414090						BMF	BMF		Schreiben	k. A.										1
VA0344479	Zweifelsfragen im Hinblick auf die Umsetzung der Abgeltungsteuer (2008/0205579)	DB0344479						BMF	BMF		Schreiben	IV C 1 - S 2000/07/0009										1
VA0344481	Anwendungs- und Zweifelsfragen zur Einführung der Abgeltungsteuer zum 1. Januar 2009 (2008/0244737)	DB0344481						BMF	BMF		Schreiben	IV C 1 - S 1980-1/08/10008										1
VA0344483	Änderung der Freistellungsaufträge aufgrund des Unternehmensteuerreform- gesetzes 2008 (2008/0250603)	DB0344483						BMF	BMF		Schreiben	IV C 1 - S 2056/0										1
VA0344485	Abgeltungsteuer; Anwendung der Fifo-Methode bei Unterdepots (2008/0380667)	DB0344485						BMF	BMF		Schreiben	IV C 1 - S 2000/07/0009										1
VA0460954	Berücksichtigung ausländischer Verhältnisse; Ländergruppeneinteilung ab 1. Januar 2012	DB0460954						BMF	BMF		Schreiben	IV C 4 - S 2285/07/0005 :005										1
VA0344487	Anwendungs- und Zweifelsfragen zur Einführung der Abgeltungsteuer zum 1. Januar 2009 (2008/0415910)	DB0344487						BMF	BMF		Schreiben	IV C 1 - S 2000/07/0009										1
VA0344489	Anwendungs- und Zweifelsfragen zur Einführung der Abgeltungsteuer zum 1. Januar 2009 (2008/0447535)	DB0344489						BMF	BMF		Schreiben	IV C 1 - S 2000/07/0009										1
VA0349058	Anwendungs- und Zweifelsfragen zur Einführung einer Abgeltungsteuer zum 1. Januar 2009; Ihr Schreiben vom 14. September 2007	DB0349058						BMF	BMF		Schreiben	IV B 8 - S 2000/07/0001 [2007/0478800]										1
VA0344493	Steuerliche Förderung der privaten Altersvorsorge und betrieblichen Altersversorgung (2008/0022798)	DB0344493						BMF	BMF		Schreiben	IV C 8 -S 2222/07/0003										1
VA0344495	Gewährung von Investitionszulage nach dem Investitionszulagengesetz (InvZulG) 2007 (2008/0237881)	DB0344495						BMF	BMF		Schreiben	IV C 3 -InvZ 1015/07/0001										1
VA1165711	Grundsätze für die Verwendung von Steuererklärungsvordrucken; Amtlich vorgeschriebene Vordrucke	DB0413537						BMF	BMF		Schreiben	IV A 5 - O 1000/07/10086-07, IV A 3 - S 0321/07/10004 [2011/0197503]										1
VA1165713	Stellungnahme der Wirtschaftsverbände zum BMF-Schreiben vom 12. März 2010 zur Maßgeblichkeit der handelsrechtlichen Grundsätze ordnungsmäßiger Buchführung für die steuerliche Gewinnermittlung hinsichtlich der steuerlichen Herstellungskostenuntergrenze	DB0351675						BMF	BMF		Schreiben	IV C 6 – S 2133/09/10001 [2010/0188935]										1
VA0491040	Investmentsteuergesetz (InvStG), Zweifels- und Auslegungsfragen; Aktualisierung des BMF-Schreibens vom 2. 6. 2005 (BStBl. I 2005 S. 728)	DB0491040						BMF	BMF		Schreiben	IV C 1 - S 1980-1/08/10019 [2009/0539738]										1
VA0598354	Besteuerung von Versicherungserträgen i. S. des  20 Abs. 1 Nr. 6 EStG	DB0598354						BMF	BMF		Schreiben	IV C 1 - S 2252/07/0001 [2009/0637786]										1
VA0399548	Mitteilung über steuerpflichtige Leistungen aus einem Altersvorsorgevertrag oder aus einer kapitalgedeckten betrieblichen Altersversorgung; Amtlicher Vordruck nach  22 Nr. 5 Satz 7 EStG	DB0399548						BMF	BMF		Schreiben	IV C 3 - S 2257 b - 13/05										1
VA1165715	Einkommensteuerrechtliche Behandlung von Vorsorgeaufwendungen und Altersbezügen	DB0364355						BMF	BMF		Schreiben	IV C 3 - S 2222/09/10041, IV C 5 - S 2345/08/0001 [2010/0628045]										1
VA0394108	Investmentsteuergesetz - Anrechnung und Abzug ausländischer Steuern	DB0394108						BMF	BMF		Schreiben	IV C 1 - S 1980-1/09/10001 [2010/0849255]										1
VA0394109	Bewertung einer lebenslänglichen Nutzung oder Leistung; Vervielfältiger für Bewertungsstichtage ab 1. Januar 2011	DB0394109						BMF	BMF		Schreiben	IV D 4 - S 3104/09/10001 [2010/0873300]										1
VA0403450	Umsatzsteuer-Umrechnungskurse  Gesamtübersicht für das Jahr 2010	DB0403450						BMF	BMF		Schreiben	IV D 3 - S 7329/10/10001										1
VA0403452	Änderungen der Steuerschuldnerschaft des Leistungsempfängers ( 13b UStG) durch das Jahressteuergesetz 2010 - Anpassung des Abschnitts 13b.1 UStAE	DB0403452						BMF	BMF		Schreiben	IV D 3 - S 7279/10/10006										1
VA0426292	Umsatzsteuervergünstigungen auf Grund des Ergänzungsabkommens zum Protokoll über die NATO-Hauptquartiere und Umsatzsteuerbefreiung nach  4 Nr. 7 Satz 1 Buchstabe d UStG	DB0426292						BMF	BMF		Schreiben	IV D 3 - S 7493/07/10001 [2011/0588610]										1
VA1165717	Steuerliche Behandlung von Reisekosten und Reisekostenvergütungen bei betrieblich und beruflich veranlassten Auslandsreisen ab 1. Januar 2012	DB0580960						BMF	BMF		Schreiben	IV C 5 - S 2353/08/10006 :002 [2011/0977089]										1
VA0464115	Anwendung des Umwandlungssteuergesetzes i. d. F. des Gesetzes über steuerliche Begleitmaßnahmen zur Einführung der Europäischen Gesellschaft und zur Änderung weiterer steuerrechtlicher Vorschriften (SEStEG)	DB0464115						BMF	BMF		Schreiben	IV C 2 - S 1978.b/08/10001 [2011/0903665]										1
VA0463472	Deutsch-britisches Doppelbesteuerungsabkommen (DBA GB); Verständigungsvereinbarung über die Zuordnung des Besteuerungsrechts von Abfindungen	DB0463472						BMF	BMF		Schreiben	IV B 3 - S 1301-GB/10/10001										1
VA0463297	Anwendung des Fünften Vermögensbildungsgesetzes ab 2009 - Änderungen durch das Jahressteuergesetz 2010, das Steuervereinfachungsgesetz 2001 und das Beitreibungsrichtlinie-Umsetzungsgesetz	DB0463297						BMF	BMF		Schreiben	IV C 5 - S 2430/11/10002										1
VA0464748	Beleg- und Buchnachweispflichten bei der Steuerbefreiung für Ausfuhrlieferungen und für innergemeinschaftliche Lieferungen ( 4 Nr. 1,  6,  6a UStG); Änderungen der  9 bis 11, 13, 17, 17a, 17b und 17c UStDV durch die Zweite Verordnung steuerlicher Verordnungen; Entwurf eines BMF-Schreibens zur Anwendung der Neuregelungen	DB0464748						BMF	BMF		Schreiben	IV D 3 - S 7141/11/10003										1
VA0464722	Abgrenzung der Land- und Forstwirtschaft vom Gewerbe Neuregelung für die Wirtschaftsjahre 2012 ff.	DB0464722						BMF	BMF		Schreiben	IV D 4 - S 2230/11/10001										1
VA1165719	Muster der Umsatzsteuererklärung 2012	DB0481093						BMF	BMF		Schreiben	IV D 3 - S 7344/12/10001 [2012/0522779]										1
VA1165721	Einordnung in Größenklassen gem.  3 BpO 2000; Festlegung neuer Abgrenzungsmerkmale zum 1. Januar 2013	DB0483197						BMF	BMF		Schreiben	IV A 4 - S 1450/09/10001 [2012/0493846]										1
VA0464724	Abkommen zwischen der Bundesrepublik Deutschland und der Schweizerischen Eidgenossenschaft zur Vermeidung der Doppelbesteuerung auf dem Gebiete der Steuern vom Einkommen und vom Vermögen (DBA-Schweiz); Anforderungen an ein Auskunftsersuchen nach Ziffer 3 Buchsta zu Artikel 27 DBA-Schweiz in der Fassung des Änderungsprotokolls vom 27. Oktober 2010	DB0464724						BMF	BMF		Schreiben	IV B 2 - S 1301 - CHE/07/10027-01										1
VA0465192	Anwendung des Fünften Vermögensbildungsgesetzes ab 2009	DB0465192						BMF	BMF		Schreiben	k. A.										1
VA0466411	Stand der Doppelbesteuerungsabkommen und der Doppelbesteuerungsverhandlungen am 1. Januar 2012	DB0466411						BMF	BMF		Schreiben	IV B 2 - S 1301/07/10017-03										1
VA0465608	Entlastungsberechtigung ausländischer Gesellschaften ( 50d Abs. 3 EStG)	DB0465608						BMF	BMF		Schreiben	IV B 3 - S 2411/07/10016 [2011/1032913]										1
VA0465271	Pauschbeträge für unentgeltliche Wertabgaben (Sachentnahmen) 2012	DB0465271						BMF	BMF		Schreiben	IV A 4 - S 1547/0 :001										1
VA1165723	Deutsch-amerikanisches Doppelbesteuerungsabkommen (DBA-USA); Pensionsfonds im Sinne des Artikels 10 Absatz 11 DBA-USA	DB0470690						BMF	BMF		Schreiben	IV B 5 - S 1301-USA/09/10001 [2012/0136086]										1
VA1165725	Pauschbeträge für unentgeltliche Wertabgaben (Sachentnahmen) 2013unentgeltliche 	DB0567358						BMF	BMF		Schreiben	IV A 4 - S 1547/0 :001 [2012/1116775]										1
VA0592329	Deutsch-spanisches Doppelbesteuerungsabkommen - Absprache über die gegenseitige Amtshilfe in Steuersachen	DB0592329						BMF	BMF		Schreiben	IV B 3 -S 1301-ESP/08/10003 [2013/0325984]										1
VA0593296	Deutsch-spanisches Doppelbesteuerungsabkommen - Besteuerung von Ortskräften nach Art. 18 DBA-Spanien	DB0593296						BMF	BMF		Schreiben	IV B 3 - S 1301-ESP/12/10003 [2013/0337870]										1
VA1165727	Gesetz zur Umsetzung des EuGH-Urteils vom 20. Oktober 2011 in der Rechtssache C-284/09; Praktische Umsetzungsfragen im Bereich des Investmentsteuerrechts	DB0596821						BMF	BMF		Schreiben	IV C 1 - S 1980-1/12/10014 [2013/0469349]										1
VA0603286	Steuerliche Förderung der privaten Altersvorsorge und betrieblichen Altersversorgung	DB0603286						BMF	BMF		Schreiben	IV C 3 - S 2015/11/10002 [2013/0699161]										1
VA1165729	Elektronische Lohnsteuerabzugsmerkmale; Lohnsteuerabzug ab dem Kalenderjahr 2013 im Verfahren der elektronischen Lohnsteuerabzugsmerkmale	DB0606004						BMF	BMF		Schreiben	IV C 5 - S 2363/13/10003 [2013/0755076]										1
VA1165731	Einkommensteuerrechtliche Behandlung von Vorsorgeaufwendungen und Altersbezügen	DB0607244						BMF	BMF		Schreiben	IV C 3 - S 2221/12/10010:004, IV C 5 - S 2345/08/0001 [2013/0760735]										1
VA0402993	Programmablaufplan für die Erstellung von Lohnsteuertabellen in 2011 (einschließlich der Berechnung des Solidaritätszuschlags und der Bemessungsgrundlage für die Kirchenlohnsteuer)	DB0402993						BMF	BMF		Schreiben	IV C 5 - S 2361/10/10002 [2010/0804192]										1
VA0462376	Programmablaufplan für die maschinelle Berechnung der vom Arbeitslohn einzubehaltenden Lohnsteuer, des Solidaritätszuschlags und der Maßstabsteuer für die Kirchenlohnsteuer für 2012	DB0462376						BMF	BMF		Schreiben	IV C 5 - S 2361/11/10005										1
VA0462378	Programmablaufplan für die Erstellung von Lohnsteuertabellen für 2012 zur manuellen Berechnung der Lohnsteuer (einschließlich der Berechnung des Solidaritätszuschlags und der Bemessungsgrundlage für die Kirchenlohnsteuer)	DB0462378						BMF	BMF		Schreiben	IV C 5 - S 2361/11/10005										1
VA0462380	Programmablaufpläne für den Lohnsteuerabzug 2012	DB0462380						BMF	BMF		Schreiben	IV C 5 - S 2361/11/10005										1
VA0344497	 10 d EStG; Verlustabzug in Erbfällen - Beschluss des Großen Senats des BFH vom 17. Dezember 2007 (GrS 2/04)	DB0344497						BMF	BMF		Schreiben	IV C 4 - S 2225/07/0006										1
VA0458106	Bericht über die Informationsveranstaltung zur Auswertung der Pilotphase am 16. August 2011	DB0458106						BMF	BMF		Schreiben	IV C 6 - S 2133-b/11/10009										1
VA0344499	Bilanzsteuerliche Behandlung von Pensionszusagen einer Personengesellschaft an einen Gesellschafter und dessen Hinterbliebene (2008/0027617)	DB0344499						BMF	BMF		Schreiben	IV B 2 - S 2176/07/0001										1
VA0344501	Gesetz zur Neuordnung der einkommensteuerrechtlichen Behandlung von Altersvorsorgeaufwendungen und Altersbezügen -Alterseinkünftegesetz (AltEinkG) mit Änderungen durch die Jahressteuergesetze 2007 und 2008 (JStG 2007/JStG 2008); Aktualisierung des Schreibens des Bundesministeriums der Finanzen vom 24. Februar 2005, BStBl I S. 429	DB0344501						BMF	BMF		Schreiben	IV C 8 -S 2222/07/0003										1
VA0344503	Anwendungsschreiben zur Zinsinformationsverordnung - ZIV (2008/0043793)	DB0344503						BMF	BMF		Schreiben	IV C 1 - S 2402-a/0										1
VA0344505	Anwendungsschreiben zur Begünstigung der nicht entnommenen Gewinne ( 34a EStG) (2008/0431405)	DB0344505						BMF	BMF		Schreiben	IV C 6 - S 2290-a/07/10001										1
VA0394933	Steuerabzug gemäß  50a EStG bei Einkünften beschränkt Steuerpflichtiger aus künstlerischen, sportlichen, artistischen, unterhaltenden oder ähnlichen Darbietungen	DB0394933						BMF	BMF		Schreiben	IV C 3 - S 2303/09/10002 [2010/0861549]										1
VA0394929	Ausstellung für Steuerbescheinigungen für Kapitalerträge nach  45a Absatz 2 und 3 EStG	DB0394929						BMF	BMF		Schreiben	IV C 1 - S 2401/08/10001 [2009/0860280]										1
VA0345542	Programmablaufplan für die Erstellung von Lohnsteuertabellen in 2010 (einschließlich der Berechnung des Solidaritätszuschlags und der Bemessungsgrundlage für die Kirchenlohnsteuer)	DB0345542						BMF	BMF		Schreiben	IV C 5 -S 2361/09/10004										1
VA0349056	Steuerliche Förderung der privaten Altersvorsorge und betrieblichen Altersversorgung	DB0349056						BMF	BMF		Schreiben	IV C 3 - S 2222/09/10041 [2010/0256374]										1
VA0349059	Steuerliche Förderung der privaten Altersvorsorge und betrieblichen Altersversorgung	DB0349059						BMF	BMF		Schreiben	IV C 3 -S 2496/08/10011 [2009/0032144]										1
VA0343289	Steuerliche Förderung der privaten Altersvorsorge und betrieblichen Altersversorgung (2009/0032144)	DB0343289						BMF	BMF		Schreiben	IV C 3 -S 2496/08/10011										1
VA1165733	Änderung des Anwendungserlasses zur Abgabenordnung (AEAO) TOP 10.1 bis 10.8 und 23 der Sitzung AO IV/2012	DB0577107						BMF	BMF		Schreiben	IV A 3 - S 0062/08/10007-15 [2012/1176804]										1
VA0363988	Steuerliche Behandlung von Einkünften von Künstlern und Sportlern nach Artikel 17 Abs. 1 des Abkommens zwischen der Bundesrepublik Deutschland und der Republik Österreich zur Vermeidung der Doppelbesteuerung auf dem Gebiete der Steuern vom Einkommen und vom Vermögen	DB0363988						BMF	BMF		Schreiben	IV B 2 - S 1301-AUT/07/10017										1
VA0350421	Anwendung der Doppelbesteuerungsabkommen (DBA) auf Personengesellschaften	DB0350421						BMF	BMF		Schreiben	IV B 2 - S 1300/09/10003										1
VA0391588	Anwendung der Durchschnittssatzbesteuerung für land- und forstwirtschaftliche Betriebe ( 24 UStG); Neufassung der Abschnitte 24.1 ff. des Umsatzsteuer-Anwendungserlasses	DB0391588						BMF	BMF		Schreiben	IV D 2 - S 7410/07/10016 [2010/0836620]										1
VA1224820	Umsatzbesteuerung der Leistungen der öffentlichen Hand; Anwendungsfragen des § 2b UStG							BMF	BMF		Schreiben	III C 2 - S 7107/16/10001									[2016/1126266]	0
VA1202294	Umsatzsteuer - Steuersatz für Lieferungen und innergemeinschaftliche Erwerbe von Fotobüchern							BMF	BMF		Schreiben	III C 2 - S 7225/12/10001									[2016/0368010]	0
VA1202296	Umsatzsteuer - Anwendung des ermäßigten Steuersatzes nach § 12 Absatz 2 Nr. 8 Buchstabe a UStG für Integrationsprojekte und Werkstätten für behinderte Menschen - Änderung des Abschnitts 12.9 Umsatzsteuer-Anwendungserlass							BMF	BMF		Schreiben	III C 2 - S 7242-a/09/10005									2016/0386007	0
VA1169060	Umsatzsteuer-Anwendungserlass - Änderungen zum 31. Dezember 2015 (Einarbeitung von Rechtsprechung und redaktionelle Änderungen)							BMF	BMF		Schreiben	III C 3 - S 7015/15/10003									[2015/1045194]	0
VA1257903	Umsatzsteuer-Anwendungserlass; Änderungen zum 31. Dezember 2017 (Einarbeitung von Rechtsprechung und redaktionelle Änderungen)							BMF	BMF		Schreiben	III C 3 - S 7015/16/10003									[2017/1017217]	0
VA1257966	Umsatzsteuer; Änderung des § 4 Nr. 8 Buchstabe h UStG durch Artikel 5 des Investmentsteuerreformgesetzes (InvStRefG); Änderung der Abschnitte 4.8.9 und 4.8.13 Umsatzsteuer-Anwendungserlass							BMF	BMF		Schreiben	III C 3 - S 7160-h/16/10001									[2017/1016030]	0
VA1217922	Umsatzsteuerbefreiung nach § 4 Nr. 14 Buchstabe b UStG - Abgabe von Zytostatika im Rahmen ambulanter Krebstherapien; BFH-Urteil vom 24. September 2014, V R 19/11							BMF	BMF		Schreiben	III C 3 - S 7170/11/10004									[2016/0883539)	0
VA1160290	Muster der Vordrucke im Umsatzsteuer-Voranmeldungs- und - Vorauszahlungsverfahren für das Kalenderjahr 2016							BMF	BMF		Schreiben	III C 3 - S 7344/15/10002									[2015/0875211]	0
VA1218277	Muster der Umsatzsteuererklärung 2017							BMF	BMF		Scheiben	III C 3 - S 7344/16/10003									2016/0897106	0
VA1192429	Vorsteuer-Vergütungsverfahren (§ 18 Abs. 9 UStG, §§ 59 bis 62 UStDV) bei Ausfuhrlieferungen und innergemeinschaftlichen Lieferungen							BMF	BMF		Schreiben	III C 3 - S 7359/10/10003									[2016/0112341]	0
VA0403364	"Investmentsteuergesetz; Anwendung des BFH-Urteils vom 28. Oktober 2009 - I R 27/08 (BStBl 2011 II S....) beim Aktiengewinn (""STEKO-Rechtsprechung"") - Beipiele"	DB0403364						BMF	BMF		Schreiben	IV C 1 - S 1980-1/09/10006 [2011/0089896]										1
VA0651183	Anwendung von gleich lautenden Erlassen der obersten Finanzbehörden der Länder; Gleich lautende Erlasse, die bis zum 21. März 2014 ergangen sind	DB0651183						BMF	BMF		Schreiben	IV A 2 - O 2000/13/10002 [2014/0205033]										1
VA0693842	Gemeinsame Positivliste der BMF-Schreiben und gleich lautenden Erlasse der obersten Finanzbehörden der Länder - Stand: 20. März 2015	DB0693842						BMF	BMF		Schreiben	IV A 2 - O 2000/14/10001 [2015/0188422]										1
VA0693844	Gemeinsame Liste der im BMF-Schreiben vom 24. März 2014 (BStBl I S. 606) und in den gleich lautenden Erlassen der obersten Finanzbehörden der Länder vom 24. März 2014 (BStBl I S. 607) aufgeführten und nicht mehr in der aktuellen Positivliste enthaltenen BMF-Schreiben und gleich lautenden Erlasse der obersten Finanzbehörden der Länder - Stand: 20. März 2015	DB0693844						BMF	BMF		Schreiben	IV A 2 - O 2000/14/10001 [2015/0188422]										1
VA0693840	Anwendung von gleich lautenden Erlassen der obersten Finanzbehörden der Länder - Gleich lautende Erlasse, die bis zum 20. März 2015 ergangen sind	DB0693840						BMF	BMF		Schreiben	IV A 2 - O 2000/14/10001 [2015/0188422]										1
VA1196087	Anwendung von gleich lautenden Erlassen der obersten Finanzbehörden der Länder; Gleich lautende Erlasse, die bis zum 11. März 2016 ergangen sind							BMF	BMF		Schreiben	IV A 2 - O 2000/15/10001									[2016/0210799]	0
VA1233066	Anwendung von gleich lautenden Erlassen der obersten Finanzbehörden der Länder; Gleich lautende Erlasse, die bis zum 20. März 2017 ergangen sind							BMF	BMF		Schreiben	IV A 2 - O 2000/16/10001									[2017/0209070]	0
VA1266393	Anwendung von gleich lautenden Erlassen der obersten Finanzbehörden der Länder; Gleich lautende Erlasse, die bis zum 16. März 2018 ergangen sind							BMF	BMF		Schreiben	IV A 2 - O 2000/17/10001									[2018/0151652]	0
VA1260110	Datenschutz im Steuerverwaltungsverfahren ab dem 25. Mai 2018; Neuregelungen durch die Datenschutz-Grundverordnung und Änderungen der AO durch das Gesetz zur Änderung des Bundesversorgungsgesetzes und anderer Vorschriften vom 17. Juli 2017							BMF	BMF		Schreiben	IV A 3 - S 0030/16/10004-07									[2018/0002690]	0
VA0488593	Änderung des Anwendungserlasses zur Abgabenordnung (AEAO)	DB0488593						BMF	BMF		Schreiben	IV A 3 - S 0062/08/10007-14 2012/0739221										1
VA0604295	Änderung des Anwendungserlasses zur Abgabenordnung (AEAO); TOP 4, 5, 15.1 bis 15.3, 15.5 und 15.7 bis 15.10 der Sitzung AO II/2013	DB0604295						BMF	BMF		Schreiben	IV A 3 - S 0062/08/10007-16 [2013/0566127]										1
VA0615096	Änderung des Anwendungserlasses zur Abgabenordnung (AEAO)	DB0615096						BMF	BMF		Schreiben	IV A 3 - S 0062/08/10007-17 [2013/0903913]										1
VA1165735	Anlage zum AEAO zu  46 AO:	DB0648944						BMF	BMF		Schreiben	IV A 3 - S 0062/08/10007-15 [2012/1176804]										1
VA1165737	Anwendungserlass zur Abgabenordnung (AEAO)	DB0648945						BMF	BMF		Schreiben	IV A 3 - S 0062/08/10007-15 [2012/1176804]										1
VA0682486	Änderung des Anwendungserlasses zur Abgabenordnung (AEAO)	DB0682486						BMF	BMF		Schreiben	IV A 3 - S 0062/14/10008 [2014/0880526]										1
VA0690343	Änderung des Anwendungserlasses zur Abgabenordnung (AEAO)	DB0690343						BMF	BMF		Schreiben	IV A 3 - S 0062/14/10009 [2014/1129272]										1
VA0991084	Änderung des Anwendungserlasses zur Abgabenordnung (AEAO)	DB0991084						BMF	BMF		Schreiben	IV A 3 - S 0062/15/10003										1
VA1189216	Änderung des Anwendungserlasses zur Abgabenordnung							BMF	BMF		Schreiben	IV A 3 - S 0062/15/10005									[2015/0944849]	0
VA1190696	Änderung des Anwendungserlasses zur Abgabenordnung (AEAO)							BMF	BMF		Schreiben	IV A 3 - S 0062/15/10006									[2015/1166398]	0
VA1217157	Änderung des Anwendungserlasses zur Abgabenordnung (AEAO)							BMF	BMF		Schreiben	IV A 3 - S 0062/16/10001									2016/0806131	0
VA1228257	Änderung des Anwendungserlasses zur Abgabenordnung (AEAO)							BMF	BMF		Schreiben	IV A 3 - S 0062/16/10005									[2016/1129935]	0
VA1249056	Änderung des Anwendungserlasses zur Abgabenordnung (AEAO)							BMF	BMF		Schreiben	IV A 3 - S 0062/17/10001									2017/0546445	0
VA1262230	Änderung des Anwendungserlasses zur Abgabenordnung (AEAO)							BMF	BMF		Schreiben	IV A 3 - S 0062/17/10005									2018/0057098	0
VA1260086	Anwendungserlass zur Abgabenordnung (AEAO); Anpassung an die Datenschutz-Grundverordnung und die datenschutzrechtlichen Neuregelungen der AO mit Wirkung ab 25. Mai 2018							BMF	BMF		Schreiben	IV A 3 - S 0062/18/10001									[2018/0001329]	0
VA0690345	Erstattungsanspruch nach  37 Abs. 2 AO bei der Einkommensteuer - Erstattungsberechtigung und Reihenfolge der Anrechnung in Nachzahlungsfällen	DB0690345						BMF	BMF		Schreiben	IV A 3 - S 0160/11/10001 [2014/1156789]										1
VA0682238	Berechtigungsmanagement für die so genannte vorausgefüllte Steuererklärung; Amtliches Vollmachtsmuster	DB0682238						BMF	BMF		Schreiben	IV A 3 - S 0202/11/10001 [2014/0935140]										1
VA1211172	Amtliche Muster für Vollmachten im Besteuerungsverfahren - Neufassung der Muster für Personen und Gesellschaften i. S. d. § 3 StBerG und für Lohnsteuerhilfevereine, Beiblatt zur Vollmacht zur Vertretung in Steuersachen und Merkblatt zur Verwendung der amtlichen Muster für Vollmachten zur Vertretung in Steuersachen							BMF	BMF		Schreiben	IV A 3 - S 0202/15/10001									[2016/0611698]	0
VA1160253	Bundeseinheitlich zugelassene Ausnahmen von der Mitteilungspflicht nach der Mitteilungsverordnung - MV - (§ 2 Absatz 2 MV)							BMF	BMF		Schreiben	IV A 3 - S 0229/08/10001									[2015/0858240]	0
VA1257784	Anwendungserlass zur Abgabenordnung (AEAO); Anpassung des AEAO zu § 154 an die Rechtsänderungen durch das Steuerumgehungsbekämpfungsgesetz vom 23. Juni 2017 (BGBl. I S.1682)							BMF	BMF		Schreiben	IV A 3 - S 0325/17/10001									[2017/1030825]	0
VA1067219	Vorläufige Steuerfestsetzung ( 165 Absatz 1 AO) im Hinblick auf anhängige Musterverfahren - Beschränkte Abziehbarkeit von Vorsorgeaufwendungen im Sinne des  10 Absatz 1 Nummer 2 EStG; Höhe der kindbezogenen Freibeträge nach  32 Absatz 6 Sätze 1 und 2 EStG	DB1067219						BMF	BMF		Schreiben	IV A 3 - S 0338/07/10010 [2015/0522282]										1
VA1164872	Vorläufige Steuerfestsetzung (§ 165 Absatz 1 AO) im Hinblick auf anhängige Musterverfahren - Kürzung der Beiträge zur Krankenversicherung im Sinne des § 10 Absatz 1 Nr. 3 Buchstabe a EStG um Bonuszahlungen der Krankenkasse für gesundheitsbewusstes Verhalten (§ 65a SGB V)							BMF	BMF		Schreiben	IV A 3 - S 0338/07/10010									[2015/0841789]	0
VA1200828	Vorläufige Steuerfestsetzung (§ 165 Absatz 1 AO) im Hinblick auf anhängige Musterverfahren - Verfassungsmäßigkeit der Besteuerung der Einkünfte aus Leibrenten - Verfassungsmäßigkeit der Höhe der kindbezogenen Freibeträge nach § 32 Absatz 6 Sätze 1 und 2 EStG							BMF	BMF		Schreiben	IV A 3 - S 0338/07/10010									[2016/0246657]	0
VA0696591	Vorläufige Steuerfestsetzung ( 165 Absatz 1 AO) im Hinblick auf anhängige Musterverfahren - Anrechnung der gesamten steuerfreien Zuschüsse zu einer Kranken- oder Pflegeversicherung auf Beiträge zu einer privaten Basiskrankenversicherung oder Pflege-Pflichtversicherung ( 10 Absatz 2 Nr. 1 zweiter Halbsatz EStG)	DB0696591						BMF	BMF		Schreiben	IV A 3 - S 0338/07/10010 [2015/0309969]										1
VA1260108	Vorläufige Steuerfestsetzung im Hinblick auf anhängige Musterverfahren (§ 165 Absatz 1 Satz 2 AO); Aussetzung der Steuerfestsetzung nach § 165 Absatz 1 Satz 4 AO; Ruhenlassen von außergerichtlichen Rechtsbehelfsverfahren (§ 363 Absatz 2 AO); Aussetzung der Vollziehung (§ 361 AO, § 69 Absatz 2 FGO)							BMF	BMF		Schreiben	IV A 3 - S 0338/17/10007									[2017/1040112]	0
VA1165739	Insolvenzordnung; Anwendungsfragen zu  55 Abs. 4 InsO	DB0696711						BMF	BMF		Schreiben	IV A 3 - S 0550/10/10020-05 [2015/0416027]										1
VA1238284	Einkommensteuerliche Pflichten des Zwangsverwalters; Anwendungsfragen zum BFH-Urteil vom 10.2.2015 - IX R 23/14							BMF	BMF		Schreiben	IV A 3 - S 0550/15/10028									[2017/0384389]	0
VA1274766	Buchung von EC-Karten-Umsätzen in der Kassenführung							BMF	BMF		Schreiben	IV A 4 - S 0316/13/10003-09									[20180533581]	0
VA1165741	Grundsätze zur ordnungsmäßigen Führung und Aufbewahrung von Büchern, Aufzeichnungen und Unterlagen in elektronischer Form sowie zum Datenzugriff (GoBD)	DB0685749						BMF	BMF		Schreiben	IV A 4 - S 0316/13/10003 [2014/0353090]										1
VA0620665	Abgabenordnung, Betriebsprüfung - Hinweise auf die wesentlichen Rechte und Mitwirkungspflichten des Steuerpflichtigen bei der Außenprüfung ( 5 Abs. 2 Satz 2 BpO 2000)	DB0620665						BMF	BMF		Schreiben	IV A 4 - S 0403/13/10001 [2013/0958391]										1
VA0665726	Richtsatzsammlung 2013	DB0665726						BMF	BMF		Schreiben	IV A 4 - S 1544/09/10001-06 [2014/0644115]										1
VA0470900	Grundsätze für die Verwendung von Steuererklärungsvordrucken - Amtlich vorgeschriebene Vordrucke	DB0470900						BMF	BMF		Schreiben	IV A 5 - O 1000/07/10086-07 [2012/0273134]										1
VA1270805	Steuerliche Behandlung des Arbeitslohns nach den Doppelbesteuerungsabkommen							BMF	BMF		Schreiben	IV B 2 - S 1300/08/10027									[2018/0353235]	0
VA0688897	Steuerliche Behandlung des Arbeitslohns nach den Doppelbesteuerungsabkommen	DB0688897						BMF	BMF		Schreiben	IV B 2 - S 1300/08/10027 [2014/0971694]										1
VA0649795	Stand der Doppelbesteuerungsabkommen und anderer Abkommen im Steuerbereich sowie der Abkommensverhandlungen am 1. Januar 2014	DB0649795						BMF	BMF		Schreiben	IV B 2 - S 1301/07/10017-05 [2014/0061052]										1
VA0649609	Stand der Doppelbesteuerungsabkommen und anderer Abkommen im Steuerbereich sowie der Abkommensverhandlungen am 1. Januar 2014	DB0649609						BMF	BMF		Schreiben	IV B 2 - S 1301/07/10017-05 [2014/0061052]										1
VA0691572	Stand der Doppelbesteuerungsabkommen und anderer Abkommen im Steuerbereich sowie der Abkommensverhandlungen am 1. Januar 2015	DB0691572						BMF	BMF		Schreiben	IV B 2 - S 1301/07/10017-06 - [2015/0039285]										1
VA1190619	Stand der Doppelbesteuerungsabkommen und anderer Abkommen im Steuerbereich sowie der Abkommensverhandlungen am 1. Januar 2016							BMF	BMF		Schreiben	IV B 2 - S 1301/07/10017-07									[2016/0028964]	0
VA1261937	Stand der Doppelbesteuerungsabkommen und anderer Abkommen im Steuerbereich sowie der Abkommensverhandlungen am 1. Januar 2018							BMF	BMF		Schreiben	IV B 2 - S 1301/07/10017-09									[2018/0042503]	0
VA1231769	Abkommen zwischen der Bundesrepublik Deutschland und der Schweizerischen Eidgenossenschaft zur Vermeidung der Doppelbesteuerung auf dem Gebiete der Steuern vom Einkommen und vom Vermögen (DBA-Schweiz); Konsultationsvereinbarung über die Durchführung von Schiedsverfahren							BMF	BMF		Schreiben	IV B 2 - S 1301-CHE/07/10026-10									2016/1197524	0
VA1204318	Besteuerung von Abfindungszahlungen aus Anlass der Auflösung des Arbeitsverhältnisses bei Bestehen einer Konsultationsvereinbarung mit einem anderen DBA-Staat; BFH-Urteil vom 10. Juni 2015 (BStBl II 2016 S. 326)							BMF	BMF		Schreiben	IV B 2 - S 1304/09/10004									2016/0311560	0
VA1238398	Deutsch-französisches Doppelbesteuerungsabkommen vom 21. Juli 1959 in der Fassung des Zusatzabkommens vom 31. März 2015 (DBA-Frankreich); Durchführung des Grenzgängerfiskalausgleichs (Artikel 13 a DBA-Frankreich)							BMF	BMF		Schreiben	IV B 3 - S 1301-FRA/16/10001 :001									[2017/0279512]	0
VA1261289	Deutsch-französisches Doppelbesteuerungsabkommen vom 21. Juli 1959 in der Fassung des Zusatzabkommens vom 31. März 2015 (DBA-Frankreich); Durchführung des Rentenfiskalausgleichs (Artikel 13 c DBA-Frankreich)							BMF	BMF		Schreiben	IV B 3 - S 1301-FRA/16/10001 :002									[2018/0030384]	0
VA0459947	Deutsch-britisches Doppelbesteuerungsabkommen (DBA GB); Verständigungsvereinbarung zur Regelung der Durchführung des Schiedsverfahrens	DB0459947						BMF	BMF		Schreiben	IV B 3 - S 1301-GB/11/10003 [2011/0757911]										1
VA0689818	Anwendung von Artikel 18, 19 und 22 des Abkommens vom 19.09.2011 zwischen der Bundesrepublik Deutschland und der Republik Türkei zur Vermeidung der Doppelbesteuerung und der Steuerverkürzung auf dem Gebiet der Steuern vom Einkommen	DB0689818						BMF	BMF		Schreiben	IV B 4 - S 1301-TÜR/0 :007 [2014/1043059]										1
VA1165743	Abkommen zwischen der Bundesrepublik Deutschland und Kanada zur Vermeidung der Doppelbesteuerung auf dem Gebiet der Steuern vom Einkommen und bestimmter anderer Steuern, zur Verhinderung der Steuerverkürzung und zur Amtshilfe in Steuersachen (deutsch-kanadisches Doppelbesteuerungsabkommen); Vereinbarung zwischen den zuständigen Behörden der Bundesrepublik Deutschland und Kanadas nach Artikel 27 (Amtshilfe bei der Steuererhebung) des deutsch-kanadischen Doppelbesteuerungsabkommens	DB0630953						BMF	BMF		Schreiben	IV B 5 - S 1301-KAN/07/10003 [2013/1036753]										1
VA1165745	"Glossar ""Verrechnungspreise"""	DB0662570						BMF	BMF		Schreiben	IV B 5 - S 1341/07/10006-01 [2014/0348272]										1
VA1226538	Grundsätze für die Anwendung des Fremdvergleichsgrundsatzes auf die Aufteilung der Einkünfte zwischen einem inländischen Unternehmen und seiner ausländischen Betriebsstätte und auf die Ermittlung der Einkünfte der inländischen Betriebsstätte eines ausländischen Unternehmens nach § 1 Absatz 5 des Außensteuergesetzes und der Betriebsstättengewinnaufteilungsverordnung (Verwaltungsgrundsätze Betriebsstättengewinnaufteilung - VWG BsGa)							BMF	BMF		Schreiben	IV B 5 - S 1341/12/10001-03									[2016/1066571]	0
VA1236800	Automatischer Informationsaustausch nach dem Common Reporting Standard sowie dem FKAustG; Veröffentlichung der amtlichen Datensatzbeschreibung							BMF	BMF		Schreiben	IV B 6 - S 1315/13/10021 :036									[2017/0100666]	0
VA1230897	Standard für den automatischen Austausch von Finanzinformationen in Steuersachen							BMF	BMF		Schreiben	IV B 6 - S 1315/13/10021 :044									[2017/0063603]	0
VA1233290	Merkblatt über koordinierte steuerliche Außenprüfungen mit Steuerverwaltungen anderer Staaten und Gebiete							BMF	BMF		Schreiben	IV B 6 - S 1315/16/10016 :002									[2016/0996151]	0
VA1164042	Automatischer Informationsaustausch mit den Vereinigten Staaten von Amerika							BMF	BMF		Schreiben	IV B 6 - S 1316/11/10052 :133									[2015/0950269]	0
VA1165747	Umsatzsteuer; Ort der sonstigen Leistung nach  3a, 3b und 3e UStG ab 1. Januar 2010	DB0348533						BMF	BMF		Schreiben	IV B 9 - S 7117/08/10001 [2009/0580334]										1
VA1212586	Berücksichtigung negativer Aktiengewinne nach § 40a KAGG und § 8b Absatz 3 KStG (STEKO-Rechtsprechung); Anwendung der BFH-Urteile vom 28. Oktober 2009 - I R 27/08 (BStBl 2011 II S. 229) -, vom 25. Juni 2014 - I R 33/09 (BStBl 2016 II S. ...) - und vom 30. Juli 2014 - I R 74/12 (BStBl 2016 II S. ...) - beim Aktiengewinn							BMF	BMF		Schreiben	IV C 1 - S 1980/14/10003 :002									2016/0592149	0
VA0480383	Investmentsteuerrecht - Ermittlung, Ausweis und steuerliche Behandlung der nicht abzugsfähigen Werbungskosten i. S. d.  3 Abs. 3 Satz 2 Nr. 2 InvStG und deren Bekanntmachung nach  5 Abs. 1 Satz 1 Nr. 1 Buchst. i InvStG - Ausweis von Quellensteuer-Erstattungsüberhängen nach  5 Abs. 1 Satz 1 Nr. 1 Buchst. h InvStG - Bekanntmachung des Zwischengewinns bei Dach-Investmentvermögen nach  5 Abs. 1 Nrn. 1 und 2 InvStG	DB0480383						BMF	BMF		Schreiben	IV C 1 - S 1980-1/10/10012 :003 [2012/0522453]										1
VA1165749	Investmentsteuergesetz in der Fassung des AIFM-Steuer-Anpassungsgesetzes; Auslegungsfragen	DB0661998						BMF	BMF		Schreiben	IV C 1 - S 1980-1/13/10007 :002 [2014/0363858]										1
VA1165751	Einzelfragen zum Investmentsteuergesetz (InvStG); Aufteilung der allgemeinen Werbungskosten nach  3 Absatz 3 InvStG i. d. F. des AIFM-Steueranpassungsgesetzes	DB0685779						BMF	BMF		Schreiben	IV C 1 - S 1980-1/13/10007 :004 [2014/0973144]										1
VA1165753	Auslegungsfragen zum Investmentsteuergesetz; Anlagebestimmungen, REIT-Anteile, Hinzurechnungsbesteuerung u. a.	DB0685796						BMF	BMF		Schreiben	IV C 1 - S 1980-1/13/10007 :007 [2014/0939400]										1
VA1280574	Anwendungsfragen zum Investmentsteuergesetz in der am 1. Januar 2018 geltenden Fassung (InvStG 2018); Auslegungsfragen zu §§ 35 und 48 InvStG 2018							BMF	BMF		Schreiben	IV C 1 - S 1980-1/16/10010 :011									[2018/0675608]	0
VA1271642	Anwendungsfragen zum Investmentsteuergesetz in der am 1. Januar 2018 geltenden Fassung (InvStG 2018); Wertpapierdarlehen (Wertpapierleihe) und Wertpapierpensionsgeschäfte mit Investmentfonds, Ausgabenabzug im Zusammenhang mit Investmenterträgen							BMF	BMF		Schreiben	IV C 1 - S 1980-1/16/10010 :013									[2018/0369481]	0
VA0697630	Übersicht über die zuständigen Bescheinigungsbehörden bei Inanspruchnahme der Steuerbegünstigung für Baudenkmale ( 7i, 10f, 11b EStG) oder für schutzwürdige Kulturgüter ( 10g EStG) in der Fassung der Bekanntmachung vom 8. Oktober 2009 (BGBl I Seite 1346), zuletzt geändert durch das Gesetz zur Modernisierung der Finanzaufsicht über Versicherungen vom 1. April 2015 (BGBl I Seite 434)	DB0697630						BMF	BMF		Schreiben	IV C 1 - S 2198-b/08/10002										1
VA1189835	Einzelfragen zur Abgeltungsteuer - Neuveröffentlichung des BMF-Schreibens							BMF	BMF		Schreiben	IV C 1 - S 2252/08/10004 :017									[2015/0468306]	0
VA1251996	Besteuerung von Versicherungserträgen im Sinne des § 20 Absatz 1 Nummer 6 EStG; Ergänzung des BMF-Schreibens vom 1. Oktober 2009							BMF	BMF		Schreiben	IV C 1 - S 2252/15/10008 :011									[2017/0796174]	0
VA1244092	"Steuerliche Behandlung von ""Cum/Cum-Transaktionen"""							BMF	BMF		Schreiben	IV C 1 - S 2252/15/10030 :005									2017/0616356	0
VA1237286	Anwendungsfragen zur Beschränkung der Anrechenbarkeit der Kapitalertragsteuer nach § 36a EStG							BMF	BMF		Schreiben	IV C 1 - S 2299/16/10002									[2017/0298180]	0
VA0572169	Ausstellung von Steuerbescheinigungen für Kapitalerträge nach  45a Absatz 2 und 3 EStG	DB0572169						BMF	BMF		Schreiben	IV C 1 - S 2401/08/10001 :008 [2012/1149905]										1
VA0688899	Ausstellung von Steuerbescheinigungen für Kapitalerträge nach  45a Absatz 2 und 3 EStG - Neuveröffentlichung des BMF-Schreibens	DB0688899						BMF	BMF		Schreiben	IV C 1 - S 2401/08/10001 :011 [2014/1062097]										1
VA0611408	Gesetz zur Änderung und Vereinfachung der Unternehmensbesteuerung und des steuerlichen Reisekostenrechts - Folgeprobleme bei den Regelungen zur Organschaft	DB0611408						BMF	BMF		Schreiben	IV C 2 - S 1910/10/10117 :005 [2013/0499578]										1
VA1165755	Auslegungsfragen zu  20 Abs. 1 Nr. 10 EStG bei Betrieben gewerblicher Art als Schuldner der Kapitalerträge	DB0690095						BMF	BMF		Schreiben	IV C 2 - S 2706-a/13/10001 [2015/0000125]										1
VA1257022	Verlustabzugsbeschränkung für Körperschaften (§ 8c KStG)							BMF	BMF		Schreiben	IV C 2 - S 2745-a/09/10002 :004									[2017/0789973]	0
VA1165757	Steuerliche Förderung der privaten Altersvorsorge und betrieblichen Altersversor-gung; Änderung des BMF-Schreibens vom 24. Juli 2013 (BStBl I Seite 1022)	DB0647434						BMF	BMF		Schreiben	IV C 3 - S 2015/11/10002 :018 [2014/0007769]										1
VA1259062	Steuerliche Förderung der privaten Altersvorsorge							BMF	BMF		Schreiben	IV C 3 - S 2015/17/10001 :005									[2017/1067450]	0
VA1190218	Altersvorsorge-Produktinformationsblattverordnung (AltvPIBV)							BMF	BMF		Schreiben	IV C 3 - S 2030/11/10001 :065									[2016/0061940]	0
VA1215130	Produktinformationsblatt nach § 7 Altersvorsorgeverträge-Zertifizierungsgesetz Amtlich vorgeschriebenes Muster der (Muster-)Produktinformationsblätter Teil II und Einzelheiten der Veröffentlichung der Muster-Produktinformationsblätter							BMF	BMF		Schreiben	IV C 3 - S 2220-a/13/10004 :004									2016/0739500	0
VA1230899	Altersvorsorge-Produktinformationsblattverordnung (AltvPIBV)							BMF	BMF		Schreiben	IV C 3 - S 2220-a/16/10003 :001									[2017/0121408]	0
VA1230901	Produktinformationsblatt nach § 7 Altersvorsorgeverträge-Zertifizierungsgesetz; Amtlich vorgeschriebenes Muster der (Muster-)Produktinformationsblätter Teil II und Einzelheiten der Veröffentlichung der Muster-Produktinformationsblätter							BMF	BMF		Schreiben	IV C 3 - S 2220-a/16/10003 :001									[2017/0122359]	0
VA0664758	Anwendung des  10 Abs. 1 Nr. 2 Satz 1 Buchst. a EStG bei Beiträgen an berufsständische Versorgungseinrichtungen	DB0664758						BMF	BMF		Schreiben	IV C 3 - S 2221/07/10037 :005 [2014/0604397]										1
VA0648364	Einkommensteuerrechtliche Behandlung von Vorsorgeaufwendungen und Altersbezügen - Änderungen durch das Altersvorsorge-Verbesserungsgesetz	DB0648364						BMF	BMF		Schreiben	IV C 3 - S 2221/12/10010 :003 [2013/1146023]										1
VA1240026	Einkommensteuerrechtliche Behandlung von Vorsorgeaufwendungen							BMF	BMF		Schreiben	IV C 3 - S 2221/16/10001 :004									2017/0392623	0
VA1210582	Vorsorgeeinrichtungen nach der zweiten Säule der schweizerischen Altersvorsorge (berufliche Vorsorge) - Einkommensteuerliche Behandlung der Beiträge und Leistungen							BMF	BMF	IV C 5 - S 2333/13/10003	Schreiben	IV C 3 - S 2255/07/10005 :004										0
VA0696755	Steuerliche Maßnahmen zur Unterstützung der Opfer des Erdbebens in Nepal	DB0696755						BMF	BMF		Schreiben	IV C 4 - S 2223/07/0015 :013 [2015/0373468]										1
VA0629793	Muster für Zuwendungsbestätigungen ( 10b EStG)	DB0629793						BMF	BMF		Schreiben	IV C 4 - S 2223/07/0018 :005 [2013/0239390]										1
VA1191819	Steuerliche Berücksichtigung volljähriger Kinder nach § 32 Absatz 4 Satz 2 und 3 EStG ab 2012							BMF	BMF		Schreiben	IV C 4 - S 2282/07/0001-01									[2015/1175697]	0
VA0697264	Unterhaltsleistungen nach  33a Absatz 1 EStG - Berücksichtigung von Personen mit einer Aufenthaltserlaubnis nach  23 Aufenthaltsgesetz	DB0697264						BMF	BMF		Schreiben	IV C 4 - S 2285/07/0003 :006 [2015/0432662]										1
VA0648981	Anwendungsschreiben zu  35a EStG - Überarbeitung des BMF-Schreibens vom 15.02.2010 - IV C 4 - S 2296-b/07/0003 (2010/0014334); BStBl I Seite 140	DB0648981						BMF	BMF		Schreiben	IV C 4 - S 2296-b/07/0003 :004 [2014/0023765]										1
VA0616347	Bekanntmachung des Vordruckmusters für die Wohnungsbauprämien-Anmeldung ab 14. 10. 2013	DB0616347						BMF	BMF		Schreiben	IV C 5 - S 1961/12/10004 [2013/0930663]										1
VA0664906	Steuerabzug vom Arbeitslohn bei unbeschränkt einkommensteuer-(lohnsteuer-) pflichtigen Künstlern und verwandten Berufen; Nachweis der Unternehmereigenschaft	DB0664906						BMF	BMF		Schreiben	IV C 5 - S 2332/0-07										1
VA1257670	Steuerliche Förderung der betrieblichen Altersversorgung							BMF	BMF		Schreiben	IV C 5 - S 2333/17/10002									[2017/0989084]	0
VA1165759	Steuerliche Behandlung von Arbeitgeberdarlehen	DB0696713						BMF	BMF		Schreiben	IV C 5 - S 2334/07/0009 [2015/0316822]										1
VA0629790	Entfernungspauschalen - Gesetz zur Änderung und Vereinfachung der Unternehmensbesteuerung und des steuerlichen Reisekostenrechts vom 20. Februar 2013 (BGBl. Teil I Seite 285)	DB0629790						BMF	BMF		Schreiben	IV C 5 - S 2351/09/10002 :002 [2013/0981373]										1
VA0630586	Steuerliche Behandlung von Reisekosten und Reisekostenvergütungen bei betrieblich und beruflich veranlassten Auslandsreisen ab 1. Januar 2014	DB0630586						BMF	BMF		Schreiben	IV C 5 - S 2353/08/10006 :004 [2013/0998649]										1
VA0689624	Steuerliche Behandlung von Reisekosten und Reisekostenvergütungen bei betrieblich und beruflich veranlassten Auslandsreisen ab 01.01.2015	DB0689624						BMF	BMF		Schreiben	IV C 5 - S 2353/08/10006 :005 [2014/1119560]										1
VA0615022	BMF-Schreiben zur Reform des steuerlichen Reisekostenrechts ab 1.1.2014	DB0615022						BMF	BMF		Schreiben	IV C 5 - S 2353/13/10004 [2013/0862915]										1
VA0579926	Geänderter Programmablaufplan für die maschinelle Berechnung der vom Arbeitslohn einzubehaltenden Lohnsteuer, des Solidaritätszuschlags und der Maßstabsteuer für die Kirchenlohnsteuer für 2013	DB0579926						BMF	BMF		Schreiben	IV C 5 - S 2361/13/10001										1
VA0579928	Geänderter Programmablaufplan für die Erstellung von Lohnsteuertabellen für 2013 zur manuellen Berechnung der Lohnsteuer (einschließlich der Berechnung des Solidaritätszuschlags und der Bemessungsgrundlage für die Kirchenlohnsteuer)	DB0579928						BMF	BMF		Schreiben	IV C 5 - S 2361/13/10001										1
VA0557084	Programmablaufpläne für den Lohnsteuerabzug 2013	DB0557084						BMF	BMF		Schreiben	IV C 5 - S 2361/12/10001 [2012/1053369]										1
VA1165761	Programmablaufpläne für den Lohnsteuerabzug 2014 - Programmablaufplan für die maschinelle Berechnung der vom Arbeitslohn einzubehaltenden Lohnsteuer, des Solidaritätszuschlags und der Maßstabsteuer für die Kirchenlohnsteuer für 2014	DB0647260						BMF	BMF		Schreiben	IV C 5 - S 2361/13/10002 [2013/1110146]										1
VA1165763	Programmablaufpläne für den Lohnsteuerabzug 2014 - Anlage 2 - Programmablaufplan für die Erstellung von Lohnsteuertabellen für 2014 zur manuellen Berechnung der Lohnsteuer (einschließlich der Berechnung des Solidaritätszuschlags und der Bemessungsgrundlage für die Kirchenlohnsteuer)	DB0647274						BMF	BMF		Schreiben	IV C 5 - S 2361/13/10002 [2013/1110146]										1
VA1165765	Programmablaufpläne für den Lohnsteuerabzug 2014	DB0647276						BMF	BMF		Schreiben	IV C 5 - S 2361/13/10002 [2013/1110146]										1
VA1190694	Programmablaufplan für die Begrenzung der von Versorgungsbezügen einzubehaltenden Lohnsteuer und des Solidaritätszuschlags nach den Abkommen zur Vermeidung der Doppelbesteuerung ab 2016							BMF	BMF		Schreiben	IV C 5 - S 2361/14/10002									[2016/0093693]	0
VA1287811	Elektronische Lohnsteuerabzugsmerkmale (ELStAM) - Lohnsteuerabzug im Verfahren der elektronischen Lohnsteuerabzugsmerkmale							BMF	BMF		Schreiben	IV C 5 - S 2363/13/10003-02									[2018/0877385]	0
VA1165767	Vorsorgepauschale im Lohnsteuerabzugsverfahren ( 39b Absatz 2 Satz 5 Nummer 3 und Absatz 4 EStG)	DB0633381						BMF	BMF		Schreiben	IV C 5 - S 2367/13/10001 [2013/1078676]										1
VA1233064	Ermittlung des steuerfreien und steuerpflichtigen Arbeitslohns nach den Doppelbesteuerungsabkommen sowie nach dem Auslandstätigkeitserlass im Lohnsteuerabzugsverfahren und Änderung des Auslandstätigkeitserlasses							BMF	BMF		Schreiben	IV C 5 - S 2369/10/10002									[2017/0204843]	0
VA1165769	Ausstellung von elektronischen Lohnsteuerbescheinigungen für Kalenderjahre ab 2015; Ausstellung von Besonderen Lohnsteuerbescheinigungen durch den Arbeitgeber ohne maschinelle Lohnabrechnung für Kalenderjahre ab 2015	DB0670395						BMF	BMF		Schreiben	IV C 5 - S 2378/14/10001 [2014/0269664]										1
VA1075707	Ausstellung von elektronischen Lohnsteuerbescheinigungen für Kalenderjahre ab 2016 - Ausstellung von Besonderen Lohnsteuerbescheinigungen durch den Arbeitgeber ohne maschinelle Lohnabrechnung für Kalenderjahre ab 2016	DB1075707						BMF	BMF		Schreiben	IV C 5 - S 2378/15/10001 [2015/0089357]										1
VA1251709	Ausstellung von elektronischen Lohnsteuerbescheinigungen für Kalenderjahre ab 2018; Ausstellung von Besonderen Lohnsteuerbescheinigungen durch den Arbeitgeber ohne maschinelle Lohnabrechnung für Kalenderjahre ab 2018							BMF	BMF		Schreiben	IV C 5 - S 2378/17/10001									[2017/0466177]	0
VA1192623	Gewinnrealisierung bei Abschlagszahlungen							BMF	BMF		Schreiben	IV C 6 - S 2130/15/10001									[2016/0177148]	0
VA0682510	Bewertung von mit land- und forstwirtschaftlichem Grund und Boden im Zusammen-hang stehenden Milchlieferrechten	DB0682510						BMF	BMF		Schreiben	IV C 6 - S 2134/07/10002 :002 [2014/0943205]										1
VA1232601	Steuerliche Gewinnermittlung; Zweifelsfragen zu den Investitionsabzugsbeträgen nach § 7g Absatz 1 bis 4 und 7 EStG in der Fassung des Steueränderungsgesetzes 2015 vom 2. November 2015 (BGBl. I S. 1834)							BMF	BMF		Schreiben	IV C 6 - S 2139-b/07/10002-02									[2017/0202664]	0
VA0632117	Zweifelsfragen zum Investitionsabzugsbetrag nach  7g Absatz 1 bis 4 und 7 EStG	DB0632117						BMF	BMF		Schreiben	IV C 6 -S 2139-b/07/10002 [2013/1044077]										1
VA1163995	"Anleitung zum Vordruck ""Einnahmenüberschussrechnung - Anlage EÜR"" 2015"							BMF	BMF		Schreiben	IV C 6 - S 2142/07/10001 :010									[2015/0934843]	0
VA1163991	Anlage AVEÜR 2015							BMF	BMF		Schreiben	IV C 6 - S 2142/07/10001 :010									[2015/0934843]	0
VA1163993	Anlage AVSE 2015							BMF	BMF		Schreiben	IV C 6 - S 2142/07/10001 :010									[2015/0934843]	0
VA1163997	Anlage ER 2015							BMF	BMF		Schreiben	IV C 6 - S 2142/07/10001 :010									[2015/0934843]	0
VA1163999	Anlage EÜR 2015							BMF	BMF		Schreiben	IV C 6 - S 2142/07/10001 :010									[2015/0934843]	0
VA1164001	Anlage SE 2015							BMF	BMF		Schreiben	IV C 6 - S 2142/07/10001 :010									[2015/0934843]	0
VA1164003	Anlage SZE 2015							BMF	BMF		Schreiben	IV C 6 - S 2142/07/10001 :010									[2015/0934843]	0
VA1217936	Anleitung zu den Anlagen - Ergänzungsrechnung (Anlage ER) - Sonderberechnung (Anlage SE) - Anlageverzeichnis zur Anlage SE (Anlage AVSE) zur Einnahmenüberschussrechnung (Anlage EÜR) bei Personengesellschaften 2016							BMF	BMF		Schreiben	IV C 6 - S 2142/07/10001 :011									[2016/0832893]	0
VA1217938	"Anleitung zum Vordruck ""Einnahmenüberschussrechnung - Anlage EÜR"" - 2016"							BMF	BMF		Schreiben	IV C 6 - S 2142/07/10001 :011									[2016/0832893]	0
VA1217932	Standardisierte Einnahmenüberschussrechnung nach § 60 Absatz 4 EStDV; Anlage AVEÜR 2016							BMF	BMF		Schreiben	IV C 6 - S 2142/07/10001 :011									[2016/0832893]	0
VA1217934	Standardisierte Einnahmenüberschussrechnung nach § 60 Absatz 4 EStDV; Anlage AVSE 2016 							BMF	BMF		Schreiben	IV C 6 - S 2142/07/10001 :011									[2016/0832893]	0
VA1217940	Standardisierte Einnahmenüberschussrechnung nach § 60 Absatz 4 EStDV; Anlage ER 2016							BMF	BMF		Schreiben	IV C 6 - S 2142/07/10001 :011									[2016/0832893]	0
VA1217925	Standardisierte Einnahmenüberschussrechnung nach § 60 Absatz 4 EStDV; Anlage EÜR 2016							BMF	BMF		Schreiben	IV C 6 - S 2142/07/10001 :011									[2016/0832893]	0
VA1217943	Standardisierte Einnahmenüberschussrechnung nach § 60 Absatz 4 EStDV; Anlage SE 2016							BMF	BMF		Schreiben	IV C 6 - S 2142/07/10001 :011									[2016/0832893]	0
VA1217945	Standardisierte Einnahmenüberschussrechnung nach § 60 Absatz 4 EStDV; Anlage SZE 2016							BMF	BMF		Schreiben	IV C 6 - S 2142/07/10001 :011									[2016/0832893]	0
VA1253272	Anleitung zu den Anlagen - Ergänzungsrechnung (Anlage ER) - Sonderberechnung (Anlage SE) - Anlageverzeichnis zur Anlage SE (Anlage AVSE) zur Einnahmenüberschussrechnung (Anlage EÜR) bei Personengesellschaften							BMF	BMF		Schreiben	IV C 6 -S 2142/16/10001 :011									[2017/0803340]	0
VA1253274	"Anleitung zum Vordruck ""Einnahmenüberschussrechnung - Anlage EÜR"""							BMF	BMF		Schreiben	IV C 6 -S 2142/16/10001 :011									[2017/0803340]	0
VA1253268	Anlage AVEÜR 2017 Anlageverzeichnis/Ausweis des Umlaufvermögens zur Anlage EÜR							BMF	BMF		Schreiben	IV C 6 -S 2142/16/10001 :011									[2017/0803340]	0
VA1253270	Anlage AVSE 2017 Anlageverzeichnis/Ausweis des Umlaufvermögens zur Anlage SE							BMF	BMF		Schreiben	IV C 6 -S 2142/16/10001 :011									[2017/0803340]	0
VA1253276	Anlage ER 2017 zur Einnahmenüberschussrechnung							BMF	BMF		Schreiben	IV C 6 -S 2142/16/10001 :011									[2017/0803340]	0
VA1253278	Anlage EÜR 2017							BMF	BMF		Schreiben	IV C 6 -S 2142/16/10001 :011									[2017/0803340]	0
VA1253280	Anlage SE 2017							BMF	BMF		Schreiben	IV C 6 -S 2142/16/10001 :011									[2017/0803340]	0
VA1253282	Anlage SZE 2017							BMF	BMF		Schreiben	IV C 6 -S 2142/16/10001 :011									[2017/0803340]	0
VA1284839	BMF-Schreiben IV C 6 -S 2142/17/10002 :012 - Anleitung zu den Anlagen ER, SE, AVSE, EÜR							BMF	BMF		Schreiben	IV C 6 -S 2142/17/10002 :012									2018/0842186	0
VA1284835	BMF-Schreiben IV C 6 -S 2142/17/10002 :012 - Anlage AVEÜR 2018							BMF	BMF		Schreiben	IV C 6 -S 2142/17/10002 :012									2018/0842186	0
VA1284837	BMF-Schreiben IV C 6 -S 2142/17/10002 :012 - Anlage AVSE 2018							BMF	BMF		Schreiben	IV C 6 -S 2142/17/10002 :012									2018/0842186	0
VA1284841	BMF-Schreiben IV C 6 -S 2142/17/10002 :012 - Anlage ER 2018							BMF	BMF		Schreiben	IV C 6 -S 2142/17/10002 :012									2018/0842186	0
VA1284843	BMF-Schreiben IV C 6 -S 2142/17/10002 :012 - Anlage EÜR							BMF	BMF		Schreiben	IV C 6 -S 2142/17/10002 :012									2018/0842186	0
VA1284845	BMF-Schreiben IV C 6 -S 2142/17/10002 :012 - Anlage SE							BMF	BMF		Schreiben	IV C 6 -S 2142/17/10002 :012									2018/0842186	0
VA1252273	Einkommensteuerliche Behandlung der Aufwendungen für ein häusliches Arbeitszimmer nach § 4 Absatz 5 Satz 1 Nummer 6b, § 9 Absatz 5 und § 10 Absatz 1 Nummer 7 EStG							BMF	BMF		Schreiben	IV C 6 - S 2145/07/10002 :019									[2017/0224975]	0
VA0689986	Ertragsteuerliche Beurteilung von Aufwendungen für Fahrten zwischen Wohnung und Betriebsstätte und von Reisekosten unter Berücksichtigung der Reform des steuerlichen Reisekostenrechts zum 01.01.2014 - Anwendung bei der Gewinnermittlung	DB0689986						BMF	BMF		Schreiben	IV C 6 - S 2145/10/10005 :001 [2014/1085209]										1
VA0491650	Bewertung festverzinslicher Wertpapiere im Umlaufvermögen - BMF-Schreiben vom 25. 2. 2000 (BStBl. I S. 372) - Anwendung des BFH-Urteils vom 8. 6. 2011 - I R 98/10	DB0491650						BMF	BMF		Schreiben	IV C 6 - S 2171-b/0 :005 [2012/0401707]										1
VA1220944	Steuerermäßigung bei den Einkünften aus Gewerbebetrieb gem. § 35 EStG							BMF	BMF		Schreiben	IV C 6 - S 2296-a/08/10002 :003									[2016/0944407]	0
VA1163098	"Gewinnermittlung nach Durchschnittssätzen für Land- und Forstwirte gemäß § 13a EStG - Bekanntgabe der Vordrucke ""Anlage 13a"" und ""Anlage AV 13a"" für das Wirtschafts-jahr 2015 bzw. die abweichenden Wirtschaftsjahre 2015/2016"							BMF	BMF		Schreiben	IV C 7 - S 2149/15/10002									[2015/0942805]	0
VA1240834	Richtlinien für die Bemessung von Nutzungssätzen nach § 34b EStG und andere steuerrechtliche Zwecke							BMF	BMF		Schreiben	[2017/0076392]										0
VA1223071	Steuerermäßigung bei Aufwendungen für haushaltsnahe Beschäftigungsverhältnisse und für die Inanspruchnahme haushaltsnaher Dienstleistungen (§ 35a EStG); Überarbeitung des BMF-Schreibens vom 10. Januar 2014 (BStBl I 2014 Seite 75)							BMF	BMF		Schreiben	IV C 8 - S 2296-b/07/10003 :008									[2016/1021450]	0
VA0646227	Umsatzsteuer - Vorliegen einer Geschäftsveräußerung ( 1 Abs. 1a UStG) - Konsequenzen des BFH-Urteils vom 19. 12. 2012 - XI R 38/10 und des EuGH-Urteils vom 30. 5. 2013 - Rs. C-651/11	DB0646227						BMF	BMF		Schreiben	IV D 2 - S 7100-b/13/10001 [2013/1145204]										1
VA0670521	Umsatzsteuerrechtliche Behandlung von Photovoltaik- und KWK-Anlagen - Abschaffung des Eigenverbrauchsbonus nach  33 Abs. 2 EEG durch die EEG-Novelle zur Photovoltaik 2012 - BFH-Urteil vom 12. Dezember 2012 - XI R 3/10	DB0670521						BMF	BMF		Schreiben	IV D 2 - S 7124/12/10001-02 [2014/0763346]										1
VA0632156	Umsatzsteuer - Leistungsbeziehungen bei der Abgabe werthaltiger Abfälle	DB0632156						BMF	BMF		Schreiben	IV D 2 - S 7203/07/10002 :004 [2013/1059833]										1
VA0689820	Umsatzsteuer - Änderungen im Bereich der Besteuerung von Umsätzen mit Kunstgegenständen und Sammlungsstücken durch das Gesetz zur Umsetzung der Amtshilferichtlinie sowie zur Änderung steuerlicher Vorschriften (Amtshilferichtlinie-Umsetzungsgesetz) vom 26.06.2013	DB0689820						BMF	BMF		Schreiben	IV D 2 - S 7246/14/10001, IV D 2 - S 7421/13/10001 [2014/1108052]										1
VA0627685	Umsatzsteuer; Ausstellung von Rechnungen - Änderungen der  14, 14a UStG durch das Amtshilferichtlinie-Umsetzungsgesetz	DB0627685						Oberste Finanzbehörden der Länder	FinMinDerLaender		Schreiben	IV D 2 - S 7280/12/10002										1
VA0646311	Umsatzsteuer - Zuordnung von Leistungen zum Unternehmen nach  15 Abs. 1 UStG unter Berücksichtigung der BFH-Urteile vom 7. 7. 2011 - V R 41/09, V R 42/09 und V R 21/101 sowie vom 19. 7. 2011 - XI R 29/10, XI R 21/10 und XI R 29/09	DB0646311						BMF	BMF		Schreiben	IV D 2 - S 7300/12/10002 :001 [2013/1156482]										1
VA1165771	Umsatzsteuer; Änderungen des  15 Abs. 1 Satz 1 Nr. 2, Nr. 3 und Abs. 3 UStG durch das Amtshilferichtlinie-Umsetzungsgesetz	DB0630956						BMF	BMF		Schreiben	IV D 2 - S 7300/12/10003 [2013/1047569]										1
VA0561756	Umsatzsteuer-Anwendungserlass; Änderungen zum 31. 12. 2012 (Einarbeitung von Rechtsprechung und redaktionelle Änderung)	DB0561756						BMF	BMF		Schreiben	IV D 3 - S 7015/12/10001 [2012/1098419]										1
VA0689298	Umsatzsteuer-Anwendungserlass - Änderungen zum 31.12.2014 (Einarbeitung von Rechtsprechung und redaktionelle Änderungen)	DB0689298						BMF	BMF		Schreiben	IV D 3 - S 7015/14/10001 [2014/1073025]										1
VA0690734	Umsatzsteuer - Umsatzsteuerbefreiung für Ausfuhrlieferungen ( 4 Nr. 1 Buchstabe a,  6 UStG): Anerkennung der Ausgangsvermerke im IT-Verfahren ATLAS als Ausfuhrnachweis für Umsatzsteuerzwecke	DB0690734						BMF	BMF		Schreiben	IV D 3 -S 7134/07/10003-02 [2015/0056853]										1
VA0612349	Umsatzsteuer - Beleg- und Buchnachweispflichten bei der Steuerbefreiung für innergemeinschaftliche Lieferungen ( 4 Nr. 1 Buchstabe b,  6a UStG) - Änderungen der  17a und 74a UStDV durch die Elfte Verordnung zur Änderung der Umsatzsteuer-Durchführungsverordnung	DB0612349						BMF	BMF		Schreiben	IV D 3 - S 7141/13/10001 [2013/0828720]										1
VA0391225	Umsatzsteuer: Steuerbefreiung für Post-Universaldienstleistungen ab 1. Juli 2010	DB0391225						BMF	BMF		Schreiben	IV D 3 - S 7167-b/10/10002 [2010/0785524]										1
VA1165773	Umsatzsteuer; Änderung des  4 Nr. 16 Satz 1 Buchstabe l (neu) UStG durch das Amtshilferichtlinie-Umsetzungsgesetz	DB0630951						BMF	BMF		Schreiben	IV D 3 - S 7141/08/10001 [2010/0334195]										1
VA1165775	Umsatzsteuerliche Behandlung von Leistungen im Rahmen der rechtlichen Betreuung; Artikel 10 Nr. 3 Buchstabe b Doppelbuchstabe aa Dreifachbuchstabe ccc und Buchsta-be b Doppelbuchstabe bb sowie Artikel 10 Nr. 3 Buchstabe e des AmtshilfeRLUmsG, BFH-Urteil vom 17. Februar 2009, XI R 67/06, BFH-Urteil vom 25. April 2013, V R 7/11 GZ IV D 3 - S 7172/13/10001	DB0632001						BMF	BMF		Schreiben	IV D 3 - S 7172/13/10001 [2013/1007334]										1
VA0698065	Nachweis für Wiederverkäufer von Erdgas und/oder Elektrizität für Zwecke der Steuerschuldnerschaft des Leistungsempfängers	DB0698065						BMF	BMF		Schreiben	IV D 3 - S 7279/13/10002										1
VA0693543	Umsatzsteuer - Steuerschuldnerschaft des Leistungsempfängers auf Lieferungen von Edelmetallen, unedlen Metallen und Cermets ( 13b Abs. 2 Nr. 11 UStG)	DB0693543						BMF	BMF		Schreiben	IV D 3 - S 7279/13/10003										1
VA0670911	Umsatzsteuer - Änderungen der Steuerschuldnerschaft des Leistungsempfängers ( 13b UStG) durch das Gesetz zur Anpassung des nationalen Steuerrechts an den Beitritt Kroatiens zur EU und zur Änderung weiterer steuerlicher Vorschriften	DB0670911						BMF	BMF		Schreiben	IV D 3 - S 7279/14/10002 [2014/0847817]										1
VA0689436	Umsatzsteuer - Leistungsort bei Telekommunikationsdienstleistungen, Rundfunk- und Fernsehdienst-leistungen und auf elektronischem Weg erbrachten Dienstleistungen an Nichtunter-nehmer ( 3a Abs. 5 UStG) sowie besonderes Besteuerungsverfahren nach  18 Abs. 4c, 4e und  18h UStG ab 01.01.2015	DB0689436						BMF	BMF		Schreiben	IV D 3 - S 7340/14/10002 [2014/1099363]										1
VA1165777	Bundeseinheitliche Vordrucke für die Umsatzsteuer-Sonderprüfung; Vordruckmuster USt 7 A und USt 7 B BEZUG BMF-Schreiben vom 17. Juni 2011 -IV D 3 -S 7420/07/10023	DB0663523						BMF	BMF		Schreiben	IV D 3 -S 7420/07/10023 [DOK 2014/0484403]										1
VA1165779	Anlage zum BMF-Schreiben vom 19. Juli 2013 - IV D 3 - S 7433/11/10005 (2013/0698406) - Verzeichnis der Länder, zu denen Gegenseitigkeit im Sinne des  26 Abs. 3 UStG festgestellt ist (Stand: 1. Juli 2013)	DB0603228						BMF	BMF		Schreiben	IV D 3 - S 7433/11/10005 [2013/0698406]										1
VA0691256	Umsatzsteuervergünstigungen auf Grund des Zusatzabkommens zum NATO- Truppenstatut - Neuauflage der Liste der amtlichen Beschaffungsstellen	DB0691256						BMF	BMF		Schreiben	IV D 3 -S 7492/07/10001 [2015/0104720]										1
VA0689626	Umsatzsteuervergünstigungen auf Grund des Ergänzungsabkommens zum Protokoll über die NATO-Hauptquartiere und Umsatzsteuerbefreiung nach  4 Nr. 7 Satz 1 Buchstabe d UStG	DB0689626						BMF	BMF		Schreiben	IV D 3 - S 7493/07/10001 [2014/1130342]										1
VA0459079	Bewertung einer lebenslänglichen Nutzung oder Leistung; Vervielfältiger für Bewertungsstichtage ab 1. Januar 2012	DB0459079						BMF	BMF		Schreiben	IV D 4 - S 3104/09/10001 [2011/0756048]										1
VA0414169	Steuerliche Maßnahmen zur Unterstützung der Opfer der Erd- und Seebebenkatastrophe und der weitergehenden Schäden in Japan im März 2011	DB0414169						BMF	BMF		Schreiben	IV C 4 - S 2223/07/0015										1
VA0394908	Steuerliche Berücksichtigung behinderter Kinder; Anwendungsschreiben zu  32 Absatz 4 Satz 1 Nummer 3 EStG	DB0394908						BMF	BMF		Schreiben	IV C 4 - S 2282/07/0006-01										1
VA0463442	IV C 4 - S 2282/07/0001-01	DB0463442						BMF	BMF		Schreiben	IV C 4 - S 2282/07/0001-01										1
VA0390283	Anrechnung und Erstattung von Kapitalertragsteuer sowie Erstellung von Steuerbe-scheinigungen im Sinne des  45a Abs. 3 EStG bei über den Dividendenstichtag noch zu regulierenden Geschäften; Änderung des Musters III im Sinne des BMF-Schreibens vom 24. November 2008 (BStBl I S. 973)	DB0390283						BMF	BMF		Schreiben	IV C 1 - S 2252/09/10003 [2009/0288260]										1
VA0390285	"Einführung der elektronischen Lohnsteuerabzugsmerkmale (Verfahren ""ElsterLohn II""); Informationsunterlagen zur Öffentlichkeitsarbeit"	DB0390285						BMF	BMF		Schreiben	IV C 5 -S 2363/09/10004 [2010/0611711]										1
VA1165781	Datenübermittlung der Meldebehörden an das bundeszentralamt für Steuern zur Einführung der elektronischen Lohnsteuerabzugsmerkmale ( 39e Abs. 9 Satz 5 EStG) - Bestimmung der Übermittlungstermine, Einzelheiten des Übermittlungsverfahrens	DB0350003						BMF	BMF		Schreiben	20IV C 5 - S 2363/09/10005 [2010/0283716]										1
VA1165783	Umsatzsteuer; Ort der sonstigen Leistung nach  3a, 3b und 3e UStG ab 1. Januar 2010	DB0359163						BMF	BMF		Schreiben	IV B 9 - S 7117/08/10001 [2009/0580334]										1
VA0402995	Programmablaufplan für die Erstellung von Lohnsteuertabellen in 2011 (einschließlich der Berechnung des Solidaritätszuschlags und der Bemessungsgrundlage für die Kirchenlohnsteuer)	DB0402995						BMF	BMF		Schreiben	IV C 5 - S 2361/10/10002 [2010/0804192]										1
VA0348195	Einkommensteuerrechtliche Behandlung von wiederkehrenden Leistungen im Zusammenhang mit einer Vermögensübertragung	DB0348195						BMF	BMF		Schreiben	IV C 3 - S 2221/09/10004										1
VA1165785	Stand der Doppelbesteuerungsabkommen und anderer Abkommen im Steuerbereich sowie der Abkommensverhandlungen am 1. Januar 2013	DB0578906						BMF	BMF		Schreiben	IV B 2 - S 1301/07/10017-04 [2013/0062878]										1
VA1165787	Anforderungen an die Erstellung einer E-Bilanz	DB0469206						BMF	BMF		Schreiben	IV C 6 - S 2133-b/11/10017 :003 [2012/0165870]										1
VA0344515	Verlustabzugsbeschränkung für Körperschaften ( 8c KStG) (2008/0349554)	DB0344515						BMF	BMF		Schreiben	IV C 7 - S 2745-a/08/10001										1
VA0390775	Grundsätze für die Prüfung der Einkunftsabgrenzung zwischen nahe stehenden Personen in Fällen von grenzüberschreitenden Funktionsverlagerungen (Verwaltungsgrundsätze Funktionsverlagerung)	DB0390775						BMF	BMF		Schreiben	IV B 5 - S 1341/08/10003 [2010/0598886]										1
VA0470911	Stromsteuerbefreiung nach  9 Abs. 1 Nr. 3 StromStG - Anlagenbegriff nach  12b Abs. 2 StromStV	DB0470911						BMF	BMF		Schreiben	III B 6 - V 4250/05/10003 :004 [2012/0258171]										1
VA1165789	Sanierungsklausel der Regelung zur Verlustverrechnungsbeschränkung bei Körperschaften ( 8c KStG) 	DB0351632						BMF	BMF		Schreiben	IV C 2 - S 2745-a/08/10005 :002 [DOK 2010/0332067]										1
VA0393989	Bewertung - Bewertung von Kapitalforderungen und Kapitalschulden sowie von Ansprüchen/Lasten bei wiederkehrenden Nutzungen und Leistungen nach dem 31.12.2009 für Zwecke der Erbschaft- und Schenkungsteuer	DB0393989						FinMin. Baden-Württemberg	FinMinBadenWuerttemberg		Schreiben	3 - S 3103 / 8										1
VA0344525	G e w e r b e s t e u e r Gleich lautende Erlasse der obersten Finanzbehörden der Länder	DB0344525						BMF	BMF		Schreiben	k. A.										1
VA0459601	Schriftformerfordernis auch bei nachträglicher Einschränkung einer Rentenverpflichtung - BFH-Urteil vom 15. September 2010; (X R 13/09)	DB0459601						BMF	BMF		Schreiben	IV C 3 - S 2221/09/10031										1
VA0459212	Ausgestaltung der Taxonomie	DB0459212						BMF	BMF		Schreiben	IV C 6 - S 2133-b/16/10001 :001										1
VA0343292	Zweifelsfragen zum Investitionsabzugsbetrag nach  7g Abs. 1 bis 4 und 7 EStG in der Fassung des Unternehmensteuerreformgesetzes 2008 vom 14. August 2007 (BGBl I S. 1912) (2009/0294464)	DB0343292						BMF	BMF		Schreiben	IV C 6 - S 2139-b/07/10002										1
VA0345122	Steuerbefreiung des Kaufkraftausgleich ( 3 Nummer 64 EStG); Gesamtübersicht der Kaufkraftzuschläge - Stand 1. Januar 2010 - (2009/0872534)	DB0345122						BMF	BMF		Schreiben	IV C 5 - S 2341/09/10001										1
VA0344528	Wirtschaftszweige, die bisher den begünstigten Wirtschaftszweigen zugeordnet waren und nach der WZ 2008 zu keinem begünstigten Wirtschaftszweig mehr gehören	DB0344528						BMF	BMF		Schreiben	k. A.										1
VA0457595	Ausstellung von elektronischen Lohnsteuerbescheinigungen 2012; Bekanntgabe des Musters für den Ausdruck der elektronischen Lohnsteuerbescheinigung 2012; Ausstellung von Besonderen Lohnsteuerbescheinigungen durch den Arbeitgeber ohne maschinelle Lohnabrechnung für das Kalenderjahr 2012	DB0457595						BMF	BMF		Schreiben	IV C 5 - S 2378/11/10002										1
VA0346041	Lohnsteuerliche Behandlung von unentgeltlichen oder verbilligten Mahlzeiten der Arbeitnehmer ab Kalenderjahr 2010; Zweite Verordnung zur Änderung der Sozialversicherungsentgeltverordnung vom 19. Oktober 2009 (BGBl. I Seite 3667)	DB0346041						BMF	BMF		Schreiben	IV C 5 - S 2334/09/10011										1
VA0399161	Merkblatt zur Umsatzbesteuerung von grenzüberschreitenden Personenbeförderungen mit Omnibussen, die nicht in der Bundesrepublik Deutschland zugelassen sind	DB0399161						BMF	BMF		Schreiben	IV D 3 -S 7327/07/10001										1
VA0412677	Versicherungsteuer und Feuerschutzsteuer; Merkblatt für EU/EWR-Versicherer	DB0412677						BMF	BMF		Schreiben	IV D 5 - S 6356/07/10001										1
VA0343328	Artikel 344 und 345 der Richtlinie 2006/112/EG des Rates vom 28. November 2006 über das gemeinsame Mehrwertsteuersystem (MwStSystRL) - Sonderregelung für Anlagegold; Verzeichnis der Goldmünzen für das Jahr 2010 (2009/0855144)	DB0343328						BMF	BMF		Schreiben	IV B 6 - S 7068/07/10001-01										1
VA0470492	Liste der im BMF-Schreiben vom 4. April 2011 (BStBl I S. 356) aufgeführten und nicht mehr in der aktuellen Positivliste enthaltenen BMF-Schreiben	DB0470492						BMF	BMF		Schreiben	k. A.										1
VA0470494	Positivliste Anlage 1	DB0470494						BMF	BMF		Schreiben	k. A.										1
VA1245300	Oberste Finanzbehörden der Länder, koordinierter Ländererlass vom 22.06.2017							Oberste Finanzbehörden der Länder	other		Ländererlass	 - 										0
VA1165791	Übertragung der Freibeträge für Kinder	DB0466592						OFD Frankfurt/M.	OFDFrankfurtMain		Schreiben	S 2282 A - 8 - St 223										1
VA0421656	Steuerliche Behandlung ausländischer Kapitalgesellschaften	DB0421656						OFD Niedersachsen	OFDNiedersachsen		Schreiben	S 2700 - 2 - StO 242										1
VA0423947	Behandlung der gemischten Schenkungen sowie der Schenkungen unter Aauflage	DB0423947						OFD Karlsruhe	OFDKarlsruhe		Schreiben	3-S380-7-76										1
VA0471364	Wohnungsbegriff nach  5 Abs. 2 GrStG	DB0471364						OFD Karlsruhe	OFDKarlsruhe		Schreiben	G 1102/11 - St 344										1
VA0483852	Gleich lautende Erlasse vom 1.12.2010 - 3 - S 4514/27 und vom 22.6.2011 - 3 - S 4514/27	DB0483852						OFD Karlsruhe	OFDKarlsruhe		Schreiben	3-S451.4/27										1
VA1165793	Oberste Finanzbehörden der Länder vom 21.11.2013 - Erbschaftsteuer; Ermittlung der Lohnsummen in Umwandlungsfällen	DB0644768						OFD Karlsruhe	OFDKarlsruhe		Schreiben	3-S381.12a/24										1
VA0395614	Pauschbeträge für unentgeltliche Wertabgaben (Sachentnahmen) 2011	DB0395614						BMF	BMF		Schreiben	IV A 4 - S 1547/0 :001 [2010/0984804]										1
VA0343330	Pauschbeträge für unentgeltliche Wertabgaben (Sachentnahmen) 2010 (2009/0840729)	DB0343330						BMF	BMF		Schreiben	IV A 4 - S 1547/0										1
VA0344532	Richtsatzsammlung für das Kalenderjahr 2007	DB0344532						BMF	BMF		Schreiben	k. A.										1
VA0400666	UStAE: Konsolidierte Fassung zum 1. 1. 2011	DB0400666						BMF	BMF		Schreiben	IV D 3 - S 7015/10/10002										1
VA0663918	Schulgeldzahlungen als Sonderausgaben nach  10 Abs. 1 Nr. 9 EStG	DB0663918						BayLfSt	OFDBayern		Schreiben	S 2221.1.1-9/42 St32										1
VA0681329	Einzelfragen zum Investmentsteuergesetz (InvStG); Aufteilung der allgemeinen Werbungskosten nach  3 Absatz InvStG i. d. F. des AIFMSteueranpassungsgesetzes	DB0681329						BMF	BMF		Schreiben	IV C 1 - S 1980-1/13/10007 :004										1
VA0344542	Zinsschranke ( 4h EStG;  8a KStG) (2008/0336202)	DB0344542						BMF	BMF		Schreiben	IV C 7 -S 2742-a/07/10001										1
